{
    "classification_report": {
        "0": {
            "precision": 0.7258064516129032,
            "recall": 0.8333333333333334,
            "f1-score": 0.7758620689655172,
            "support": 108.0
        },
        "1": {
            "precision": 0.7631578947368421,
            "recall": 0.6304347826086957,
            "f1-score": 0.6904761904761905,
            "support": 92.0
        },
        "accuracy": 0.74,
        "macro avg": {
            "precision": 0.7444821731748728,
            "recall": 0.7318840579710145,
            "f1-score": 0.7331691297208538,
            "support": 200.0
        },
        "weighted avg": {
            "precision": 0.742988115449915,
            "recall": 0.74,
            "f1-score": 0.736584564860427,
            "support": 200.0
        }
    },
    "roc_auc": 0.7910124798711755,
    "confusion_matrix": [
        [
            90,
            18
        ],
        [
            34,
            58
        ]
    ]
}